<?xml version="1.0" encoding="UTF-8"?>
<foxml:digitalObject VERSION="1.1" PID="avalon:musical-performance"
xmlns:foxml="info:fedora/fedora-system:def/foxml#"
xmlns:xsi="http://www.w3.org/2001/XMLSchema-instance"
xsi:schemaLocation="info:fedora/fedora-system:def/foxml# http://www.fedora.info/definitions/1/0/foxml1-1.xsd">
<foxml:objectProperties>
<foxml:property NAME="info:fedora/fedora-system:def/model#state" VALUE="Active"/>
<foxml:property NAME="info:fedora/fedora-system:def/model#label" VALUE=""/>
<foxml:property NAME="info:fedora/fedora-system:def/model#ownerId" VALUE="fedoraAdmin"/>
<foxml:property NAME="info:fedora/fedora-system:def/model#createdDate" VALUE="2012-10-29T13:42:49.915Z"/>
<foxml:property NAME="info:fedora/fedora-system:def/view#lastModifiedDate" VALUE="2012-11-15T21:24:43.063Z"/>
</foxml:objectProperties>
<foxml:datastream ID="AUDIT" STATE="A" CONTROL_GROUP="X" VERSIONABLE="false">
<foxml:datastreamVersion ID="AUDIT.0" LABEL="Audit Trail for this object" CREATED="2012-10-29T13:42:49.915Z" MIMETYPE="text/xml" FORMAT_URI="info:fedora/fedora-system:format/xml.fedora.audit">
<foxml:xmlContent>
<audit:auditTrail xmlns:audit="info:fedora/fedora-system:def/audit#">
<audit:record ID="AUDREC1">
<audit:process type="Fedora API-M"/>
<audit:action>addDatastream</audit:action>
<audit:componentID>RELS-EXT</audit:componentID>
<audit:responsibility>fedoraAdmin</audit:responsibility>
<audit:date>2012-10-29T13:42:50.025Z</audit:date>
<audit:justification></audit:justification>
</audit:record>
<audit:record ID="AUDREC2">
<audit:process type="Fedora API-M"/>
<audit:action>addDatastream</audit:action>
<audit:componentID>rightsMetadata</audit:componentID>
<audit:responsibility>fedoraAdmin</audit:responsibility>
<audit:date>2012-10-29T13:42:50.087Z</audit:date>
<audit:justification></audit:justification>
</audit:record>
<audit:record ID="AUDREC3">
<audit:process type="Fedora API-M"/>
<audit:action>modifyDatastreamByValue</audit:action>
<audit:componentID>DC</audit:componentID>
<audit:responsibility>fedoraAdmin</audit:responsibility>
<audit:date>2012-10-29T13:42:50.137Z</audit:date>
<audit:justification></audit:justification>
</audit:record>
<audit:record ID="AUDREC4">
<audit:process type="Fedora API-M"/>
<audit:action>addDatastream</audit:action>
<audit:componentID>descMetadata</audit:componentID>
<audit:responsibility>fedoraAdmin</audit:responsibility>
<audit:date>2012-10-29T13:42:50.178Z</audit:date>
<audit:justification></audit:justification>
</audit:record>
<audit:record ID="AUDREC5">
<audit:process type="Fedora API-M"/>
<audit:action>modifyDatastreamByValue</audit:action>
<audit:componentID>descMetadata</audit:componentID>
<audit:responsibility>fedoraAdmin</audit:responsibility>
<audit:date>2012-10-29T13:58:47.013Z</audit:date>
<audit:justification></audit:justification>
</audit:record>
<audit:record ID="AUDREC6">
<audit:process type="Fedora API-M"/>
<audit:action>modifyDatastreamByValue</audit:action>
<audit:componentID>rightsMetadata</audit:componentID>
<audit:responsibility>fedoraAdmin</audit:responsibility>
<audit:date>2012-10-29T13:59:05.018Z</audit:date>
<audit:justification></audit:justification>
</audit:record>
<audit:record ID="AUDREC7">
<audit:process type="Fedora API-M"/>
<audit:action>modifyDatastreamByValue</audit:action>
<audit:componentID>descMetadata</audit:componentID>
<audit:responsibility>fedoraAdmin</audit:responsibility>
<audit:date>2012-10-29T13:59:05.067Z</audit:date>
<audit:justification></audit:justification>
</audit:record>
<audit:record ID="AUDREC8">
<audit:process type="Fedora API-M"/>
<audit:action>modifyDatastreamByValue</audit:action>
<audit:componentID>DC</audit:componentID>
<audit:responsibility>fedoraAdmin</audit:responsibility>
<audit:date>2012-10-29T14:04:15.133Z</audit:date>
<audit:justification></audit:justification>
</audit:record>
<audit:record ID="AUDREC9">
<audit:process type="Fedora API-M"/>
<audit:action>modifyDatastreamByValue</audit:action>
<audit:componentID>descMetadata</audit:componentID>
<audit:responsibility>fedoraAdmin</audit:responsibility>
<audit:date>2012-10-29T14:04:15.199Z</audit:date>
<audit:justification></audit:justification>
</audit:record>
<audit:record ID="AUDREC10">
<audit:process type="Fedora API-M"/>
<audit:action>modifyDatastreamByValue</audit:action>
<audit:componentID>descMetadata</audit:componentID>
<audit:responsibility>fedoraAdmin</audit:responsibility>
<audit:date>2012-11-15T21:16:05.650Z</audit:date>
<audit:justification></audit:justification>
</audit:record>
<audit:record ID="AUDREC11">
<audit:process type="Fedora API-M"/>
<audit:action>modifyDatastreamByValue</audit:action>
<audit:componentID>descMetadata</audit:componentID>
<audit:responsibility>fedoraAdmin</audit:responsibility>
<audit:date>2012-11-15T21:24:42.933Z</audit:date>
<audit:justification></audit:justification>
</audit:record>
<audit:record ID="AUDREC12">
<audit:process type="Fedora API-M"/>
<audit:action>addDatastream</audit:action>
<audit:componentID>workflow</audit:componentID>
<audit:responsibility>fedoraAdmin</audit:responsibility>
<audit:date>2012-11-15T21:24:43.063Z</audit:date>
<audit:justification></audit:justification>
</audit:record>
</audit:auditTrail>
</foxml:xmlContent>
</foxml:datastreamVersion>
</foxml:datastream>
<foxml:datastream ID="DC" STATE="A" CONTROL_GROUP="X" VERSIONABLE="true">
<foxml:datastreamVersion ID="DC1.0" LABEL="Dublin Core Record for this object" CREATED="2012-10-29T13:42:49.915Z" MIMETYPE="text/xml" FORMAT_URI="http://www.openarchives.org/OAI/2.0/oai_dc/" SIZE="356">
<foxml:xmlContent>
<oai_dc:dc xmlns:oai_dc="http://www.openarchives.org/OAI/2.0/oai_dc/" xmlns:dc="http://purl.org/dc/elements/1.1/" xmlns:xsi="http://www.w3.org/2001/XMLSchema-instance" xsi:schemaLocation="http://www.openarchives.org/OAI/2.0/oai_dc/ http://www.openarchives.org/OAI/2.0/oai_dc.xsd">
  <dc:identifier>avalon:musical-performance</dc:identifier>
</oai_dc:dc>
</foxml:xmlContent>
</foxml:datastreamVersion>
<foxml:datastreamVersion ID="DC.1" LABEL="Dublin Core Record for this object" CREATED="2012-10-29T13:42:50.137Z" MIMETYPE="text/xml" FORMAT_URI="http://www.openarchives.org/OAI/2.0/oai_dc/" SIZE="392">
<foxml:xmlContent>
<oai_dc:dc xmlns:dc="http://purl.org/dc/elements/1.1/" xmlns:oai_dc="http://www.openarchives.org/OAI/2.0/oai_dc/" xmlns:xsi="http://www.w3.org/2001/XMLSchema-instance" xsi:schemaLocation="http://www.openarchives.org/OAI/2.0/oai_dc/ http://www.openarchives.org/OAI/2.0/oai_dc.xsd">
  <dc:creator>jlhardes</dc:creator>
  <dc:identifier>avalon:musical-performance</dc:identifier>
</oai_dc:dc>
</foxml:xmlContent>
</foxml:datastreamVersion>
<foxml:datastreamVersion ID="DC.2" LABEL="Dublin Core Record for this object" CREATED="2012-10-29T14:04:15.133Z" MIMETYPE="text/xml" FORMAT_URI="http://www.openarchives.org/OAI/2.0/oai_dc/" SIZE="432">
<foxml:xmlContent>
<oai_dc:dc xmlns:oai_dc="http://www.openarchives.org/OAI/2.0/oai_dc/" xmlns:dc="http://purl.org/dc/elements/1.1/" xmlns:xsi="http://www.w3.org/2001/XMLSchema-instance" xsi:schemaLocation="http://www.openarchives.org/OAI/2.0/oai_dc/ http://www.openarchives.org/OAI/2.0/oai_dc.xsd">
  <dc:creator>jlhardes</dc:creator>
  <dc:publisher>jlhardes</dc:publisher>
  <dc:identifier>avalon:musical-performance</dc:identifier>
</oai_dc:dc>
</foxml:xmlContent>
</foxml:datastreamVersion>
</foxml:datastream>
<foxml:datastream ID="RELS-EXT" STATE="A" CONTROL_GROUP="X" VERSIONABLE="true">
<foxml:datastreamVersion ID="RELS-EXT.0" LABEL="Fedora Object-to-Object Relationship Metadata" CREATED="2012-10-29T13:42:50.025Z" MIMETYPE="application/rdf+xml" SIZE="301">
<foxml:xmlContent>
<rdf:RDF xmlns:ns0="info:fedora/fedora-system:def/model#" xmlns:rdf="http://www.w3.org/1999/02/22-rdf-syntax-ns#">
  <rdf:Description rdf:about="info:fedora/avalon:musical-performance">
    <ns0:hasModel rdf:resource="info:fedora/afmodel:MediaObject"></ns0:hasModel>
  </rdf:Description>
</rdf:RDF>
</foxml:xmlContent>
</foxml:datastreamVersion>
</foxml:datastream>
<foxml:datastream ID="rightsMetadata" STATE="A" CONTROL_GROUP="X" VERSIONABLE="true">
<foxml:datastreamVersion ID="rightsMetadata.0" LABEL="" CREATED="2012-10-29T13:42:50.087Z" MIMETYPE="text/xml" SIZE="631">
<foxml:xmlContent>
<rightsMetadata xmlns="http://hydra-collab.stanford.edu/schemas/rightsMetadata/v1" version="0.1">
  <copyright>
    <human type="title"></human>
    <human type="description"></human>
    <machine type="uri"></machine>
  </copyright>
  <access type="discover">
    <human></human>
    <machine></machine>
  </access>
  <access type="read">
    <human></human>
    <machine></machine>
  </access>
  <access type="edit">
    <human></human>
    <machine>
      <group>collection_manager</group>
      <group>archivist</group>
      <person>jlhardes</person>
    </machine>
  </access>
  <embargo>
    <human></human>
    <machine></machine>
  </embargo>
</rightsMetadata>
</foxml:xmlContent>
</foxml:datastreamVersion>
<foxml:datastreamVersion ID="rightsMetadata.1" LABEL="" CREATED="2012-10-29T13:59:05.018Z" MIMETYPE="text/xml" SIZE="696">
<foxml:xmlContent>
<rightsMetadata xmlns="http://hydra-collab.stanford.edu/schemas/rightsMetadata/v1" version="0.1">
  <copyright>
    <human type="title"></human>
    <human type="description"></human>
    <machine type="uri"></machine>
  </copyright>
  <access type="discover">
    <human></human>
    <machine></machine>
  </access>
  <access type="read">
    <human></human>
    <machine>
      <group>public</group>
      <group>registered</group>
    </machine>
  </access>
  <access type="edit">
    <human></human>
    <machine>
      <person>jlhardes</person>
      <group>archivist</group>
    </machine>
  </access>
  <embargo>
    <human></human>
    <machine></machine>
  </embargo>
</rightsMetadata>
</foxml:xmlContent>
</foxml:datastreamVersion>
</foxml:datastream>
<foxml:datastream ID="descMetadata" STATE="A" CONTROL_GROUP="X" VERSIONABLE="true">
<foxml:datastreamVersion ID="descMetadata.0" LABEL="" CREATED="2012-10-29T13:42:50.178Z" MIMETYPE="text/xml" SIZE="767">
<foxml:xmlContent>
<mods xmlns="http://www.loc.gov/mods/v3" xmlns:xsi="http://www.w3.org/2001/XMLSchema-instance" xsi:schemaLocation="http://www.loc.gov/mods/v3 http://www.loc.gov/standards/mods/v3/mods-3-4.xsd">
  <typeOfResource>moving image</typeOfResource>
  <originInfo></originInfo>
  <physicalDescription></physicalDescription>
  <recordInfo>
    <recordOrigin>Avalon Media System</recordOrigin>
    <recordContentSource>IEN</recordContentSource>
    <recordCreationDate>20121029</recordCreationDate>
    <recordChangeDate>2012-10-29T09:42:49-04:00</recordChangeDate>
    <recordIdentifier source="Fedora"></recordIdentifier>
    <languageOfCataloging>
      <languageTerm authority="iso639-2b" type="code">eng</languageTerm>
    </languageOfCataloging>
  </recordInfo>
</mods>
</foxml:xmlContent>
</foxml:datastreamVersion>
<foxml:datastreamVersion ID="descMetadata.1" LABEL="" CREATED="2012-10-29T13:58:47.013Z" MIMETYPE="text/xml" SIZE="2758">
<foxml:xmlContent>
<mods xmlns="http://www.loc.gov/mods/v3" xmlns:xsi="http://www.w3.org/2001/XMLSchema-instance" xsi:schemaLocation="http://www.loc.gov/mods/v3 http://www.loc.gov/standards/mods/v3/mods-3-4.xsd">
  <titleInfo usage="primary">
    <title>String quartets [sound recording]. Beethoven.</title>
  </titleInfo>
  <name usage="primary" type="personal">
    <namePart>Beethoven, Ludwig van, 1770-1827.</namePart>
    <role>
      <roleTerm authority="marcrelator" type="code">cre</roleTerm>
      <roleTerm authority="marcrelator" type="text">Creator</roleTerm>
    </role>
  </name>
  <name type="personal">
    <namePart>Takács Quartet.</namePart>
    <role>
      <roleTerm authority="marcrelator" type="code">cre</roleTerm>
      <roleTerm authority="marcrelator" type="text">Creator</roleTerm>
    </role>
  </name>
  <name type="personal">
    <namePart>Takács Vonósnégyes.</namePart>
    <role>
      <roleTerm authority="marcrelator" type="code">cre</roleTerm>
      <roleTerm authority="marcrelator" type="text">Creator</roleTerm>
    </role>
  </name>
  <typeOfResource>moving image</typeOfResource>
  <genre>String quartets. Canons, fugues, etc. (String quartet).</genre>
  <originInfo>
    <dateCreated encoding="edtf">Recorded on Nov. 17-20, 2003; May 17-21, 2004; July 19-23, 2004, St. George&apos;s, Bristol.</dateCreated>
    <dateIssued encoding="edtf">2004</dateIssued>
    <copyrightDate encoding="iso8601">2004</copyrightDate>
    <publisher>Decca</publisher>
  </originInfo>
  <physicalDescription></physicalDescription>
  <abstract>Titles on container: The late string quartets = Die späten Streichquartette = Les derniers quatuors à cordes. Compact discs. Program notes by Misha Donat (13 p. : port.) inserted in container. E flat major, op. 127 -- C sharp minor, op. 131 -- A minor, op. 132 -- F major, op. 135 -- F minor, op. 95 : Quartett[o] serioso -- B flat major, op. 130 -- Grosse Fuge : op. 133.</abstract>
  <subject>
    <topic>Beethoven, Ludwig van, 1770-1827. Quartets, strings, no. 14, op. 131, C♯ minor.</topic>
  </subject>
  <subject>
    <topic>Beethoven, Ludwig van, 1770-1827. Quartets, strings, no. 15, op. 132, A minor.</topic>
  </subject>
  <subject>
    <topic>Beethoven, Ludwig van, 1770-1827. Quartets, strings, no. 16, op. 135, F major.</topic>
  </subject>
  <recordInfo>
    <recordOrigin>Avalon Media System</recordOrigin>
    <recordContentSource>IEN</recordContentSource>
    <recordCreationDate>20121029</recordCreationDate>
    <recordChangeDate>2012-10-29T09:42:49-04:00</recordChangeDate>
    <recordIdentifier source="Fedora"></recordIdentifier>
    <languageOfCataloging>
      <languageTerm authority="iso639-2b" type="code">eng</languageTerm>
    </languageOfCataloging>
  </recordInfo>
</mods>
</foxml:xmlContent>
</foxml:datastreamVersion>
<foxml:datastreamVersion ID="descMetadata.2" LABEL="" CREATED="2012-10-29T13:59:05.067Z" MIMETYPE="text/xml" SIZE="2758">
<foxml:xmlContent>
<mods xmlns="http://www.loc.gov/mods/v3" xmlns:xsi="http://www.w3.org/2001/XMLSchema-instance" xsi:schemaLocation="http://www.loc.gov/mods/v3 http://www.loc.gov/standards/mods/v3/mods-3-4.xsd">
  <titleInfo usage="primary">
    <title>String quartets [sound recording]. Beethoven.</title>
  </titleInfo>
  <name usage="primary" type="personal">
    <namePart>Beethoven, Ludwig van, 1770-1827.</namePart>
    <role>
      <roleTerm authority="marcrelator" type="code">cre</roleTerm>
      <roleTerm authority="marcrelator" type="text">Creator</roleTerm>
    </role>
  </name>
  <name type="personal">
    <namePart>Takács Quartet.</namePart>
    <role>
      <roleTerm authority="marcrelator" type="code">cre</roleTerm>
      <roleTerm authority="marcrelator" type="text">Creator</roleTerm>
    </role>
  </name>
  <name type="personal">
    <namePart>Takács Vonósnégyes.</namePart>
    <role>
      <roleTerm authority="marcrelator" type="code">cre</roleTerm>
      <roleTerm authority="marcrelator" type="text">Creator</roleTerm>
    </role>
  </name>
  <typeOfResource>moving image</typeOfResource>
  <genre>String quartets. Canons, fugues, etc. (String quartet).</genre>
  <originInfo>
    <dateCreated encoding="edtf">Recorded on Nov. 17-20, 2003; May 17-21, 2004; July 19-23, 2004, St. George&apos;s, Bristol.</dateCreated>
    <dateIssued encoding="edtf">2004</dateIssued>
    <copyrightDate encoding="iso8601">2004</copyrightDate>
    <publisher>Decca</publisher>
  </originInfo>
  <physicalDescription></physicalDescription>
  <abstract>Titles on container: The late string quartets = Die späten Streichquartette = Les derniers quatuors à cordes. Compact discs. Program notes by Misha Donat (13 p. : port.) inserted in container. E flat major, op. 127 -- C sharp minor, op. 131 -- A minor, op. 132 -- F major, op. 135 -- F minor, op. 95 : Quartett[o] serioso -- B flat major, op. 130 -- Grosse Fuge : op. 133.</abstract>
  <subject>
    <topic>Beethoven, Ludwig van, 1770-1827. Quartets, strings, no. 14, op. 131, C♯ minor.</topic>
  </subject>
  <subject>
    <topic>Beethoven, Ludwig van, 1770-1827. Quartets, strings, no. 15, op. 132, A minor.</topic>
  </subject>
  <subject>
    <topic>Beethoven, Ludwig van, 1770-1827. Quartets, strings, no. 16, op. 135, F major.</topic>
  </subject>
  <recordInfo>
    <recordOrigin>Avalon Media System</recordOrigin>
    <recordContentSource>IEN</recordContentSource>
    <recordCreationDate>20121029</recordCreationDate>
    <recordChangeDate>2012-10-29T09:42:49-04:00</recordChangeDate>
    <recordIdentifier source="Fedora"></recordIdentifier>
    <languageOfCataloging>
      <languageTerm authority="iso639-2b" type="code">eng</languageTerm>
    </languageOfCataloging>
  </recordInfo>
</mods>
</foxml:xmlContent>
</foxml:datastreamVersion>
<foxml:datastreamVersion ID="descMetadata.3" LABEL="" CREATED="2012-10-29T14:04:15.199Z" MIMETYPE="text/xml" SIZE="2758">
<foxml:xmlContent>
<mods xmlns="http://www.loc.gov/mods/v3" xmlns:xsi="http://www.w3.org/2001/XMLSchema-instance" xsi:schemaLocation="http://www.loc.gov/mods/v3 http://www.loc.gov/standards/mods/v3/mods-3-4.xsd">
  <titleInfo usage="primary">
    <title>String quartets [sound recording]. Beethoven.</title>
  </titleInfo>
  <name usage="primary" type="personal">
    <namePart>Beethoven, Ludwig van, 1770-1827.</namePart>
    <role>
      <roleTerm authority="marcrelator" type="code">cre</roleTerm>
      <roleTerm authority="marcrelator" type="text">Creator</roleTerm>
    </role>
  </name>
  <name type="personal">
    <namePart>Takács Quartet.</namePart>
    <role>
      <roleTerm authority="marcrelator" type="code">cre</roleTerm>
      <roleTerm authority="marcrelator" type="text">Creator</roleTerm>
    </role>
  </name>
  <name type="personal">
    <namePart>Takács Vonósnégyes.</namePart>
    <role>
      <roleTerm authority="marcrelator" type="code">cre</roleTerm>
      <roleTerm authority="marcrelator" type="text">Creator</roleTerm>
    </role>
  </name>
  <typeOfResource>moving image</typeOfResource>
  <genre>String quartets. Canons, fugues, etc. (String quartet).</genre>
  <originInfo>
    <dateCreated encoding="edtf">Recorded on Nov. 17-20, 2003; May 17-21, 2004; July 19-23, 2004, St. George&apos;s, Bristol.</dateCreated>
    <dateIssued encoding="edtf">2004</dateIssued>
    <copyrightDate encoding="iso8601">2004</copyrightDate>
    <publisher>Decca</publisher>
  </originInfo>
  <physicalDescription></physicalDescription>
  <abstract>Titles on container: The late string quartets = Die späten Streichquartette = Les derniers quatuors à cordes. Compact discs. Program notes by Misha Donat (13 p. : port.) inserted in container. E flat major, op. 127 -- C sharp minor, op. 131 -- A minor, op. 132 -- F major, op. 135 -- F minor, op. 95 : Quartett[o] serioso -- B flat major, op. 130 -- Grosse Fuge : op. 133.</abstract>
  <subject>
    <topic>Beethoven, Ludwig van, 1770-1827. Quartets, strings, no. 14, op. 131, C♯ minor.</topic>
  </subject>
  <subject>
    <topic>Beethoven, Ludwig van, 1770-1827. Quartets, strings, no. 15, op. 132, A minor.</topic>
  </subject>
  <subject>
    <topic>Beethoven, Ludwig van, 1770-1827. Quartets, strings, no. 16, op. 135, F major.</topic>
  </subject>
  <recordInfo>
    <recordOrigin>Avalon Media System</recordOrigin>
    <recordContentSource>IEN</recordContentSource>
    <recordCreationDate>20121029</recordCreationDate>
    <recordChangeDate>2012-10-29T09:42:49-04:00</recordChangeDate>
    <recordIdentifier source="Fedora"></recordIdentifier>
    <languageOfCataloging>
      <languageTerm authority="iso639-2b" type="code">eng</languageTerm>
    </languageOfCataloging>
  </recordInfo>
</mods>
</foxml:xmlContent>
</foxml:datastreamVersion>
<foxml:datastreamVersion ID="descMetadata.4" LABEL="" CREATED="2012-11-15T21:16:05.650Z" MIMETYPE="text/xml" SIZE="2813">
<foxml:xmlContent>
<mods xmlns="http://www.loc.gov/mods/v3" xmlns:xsi="http://www.w3.org/2001/XMLSchema-instance" xsi:schemaLocation="http://www.loc.gov/mods/v3 http://www.loc.gov/standards/mods/v3/mods-3-4.xsd">
  <titleInfo usage="primary">
    <title>String quartets [sound recording]. Beethoven.</title>
  </titleInfo>
  <name type="personal" usage="primary">
    <namePart>Beethoven, Ludwig van, 1770-1827.</namePart>
    <role>
      <roleTerm authority="marcrelator" type="code">cre</roleTerm>
      <roleTerm authority="marcrelator" type="text">Creator</roleTerm>
    </role>
  </name>
  <name type="personal">
    <namePart>Takács Quartet.</namePart>
    <role>
      <roleTerm authority="marcrelator" type="code">cre</roleTerm>
      <roleTerm authority="marcrelator" type="text">Creator</roleTerm>
    </role>
  </name>
  <name type="personal">
    <namePart>Takács Vonósnégyes.</namePart>
    <role>
      <roleTerm authority="marcrelator" type="code">cre</roleTerm>
      <roleTerm authority="marcrelator" type="text">Creator</roleTerm>
    </role>
  </name>
  <typeOfResource>moving image</typeOfResource>
  <genre>String quartets. Canons, fugues, etc. (String quartet).</genre>
  <originInfo>
    <dateCreated encoding="edtf">Recorded on Nov. 17-20, 2003; May 17-21, 2004; July 19-23, 2004, St. George&apos;s, Bristol.</dateCreated>
    <dateIssued encoding="edtf">2004</dateIssued>
    <copyrightDate encoding="iso8601">2004</copyrightDate>
    <publisher>Decca</publisher>
  </originInfo>
  <physicalDescription></physicalDescription>
  <abstract>Titles on container: The late string quartets = Die späten Streichquartette = Les derniers quatuors à cordes. Compact discs. Program notes by Misha Donat (13 p. : port.) inserted in container. E flat major, op. 127 -- C sharp minor, op. 131 -- A minor, op. 132 -- F major, op. 135 -- F minor, op. 95 : Quartett[o] serioso -- B flat major, op. 130 -- Grosse Fuge : op. 133.</abstract>
  <subject>
    <topic>Beethoven, Ludwig van, 1770-1827. Quartets, strings, no. 14, op. 131, C♯ minor.</topic>
  </subject>
  <subject>
    <topic>Beethoven, Ludwig van, 1770-1827. Quartets, strings, no. 15, op. 132, A minor.</topic>
  </subject>
  <subject>
    <topic>Beethoven, Ludwig van, 1770-1827. Quartets, strings, no. 16, op. 135, F major.</topic>
  </subject>
  <recordInfo>
    <recordOrigin>Avalon Media System</recordOrigin>
    <recordContentSource>IEN</recordContentSource>
    <recordCreationDate>20121029</recordCreationDate>
    <recordChangeDate>2012-11-15T16:16:05-05:00</recordChangeDate>
    <recordIdentifier source="Fedora"></recordIdentifier>
    <languageOfCataloging>
      <languageTerm authority="iso639-2b" type="code">eng</languageTerm>
    </languageOfCataloging>
  </recordInfo>
  <identifier>avalon:musical-performance</identifier>
</mods>
</foxml:xmlContent>
</foxml:datastreamVersion>
<foxml:datastreamVersion ID="descMetadata.5" LABEL="" CREATED="2012-11-15T21:24:42.933Z" MIMETYPE="text/xml" SIZE="2813">
<foxml:xmlContent>
<mods xmlns="http://www.loc.gov/mods/v3" xmlns:xsi="http://www.w3.org/2001/XMLSchema-instance" xsi:schemaLocation="http://www.loc.gov/mods/v3 http://www.loc.gov/standards/mods/v3/mods-3-4.xsd">
  <titleInfo usage="primary">
    <title>String quartets [sound recording]. Beethoven.</title>
  </titleInfo>
  <name type="personal" usage="primary">
    <namePart>Beethoven, Ludwig van, 1770-1827.</namePart>
    <role>
      <roleTerm authority="marcrelator" type="code">cre</roleTerm>
      <roleTerm authority="marcrelator" type="text">Creator</roleTerm>
    </role>
  </name>
  <name type="personal">
    <namePart>Takács Quartet.</namePart>
    <role>
      <roleTerm authority="marcrelator" type="code">cre</roleTerm>
      <roleTerm authority="marcrelator" type="text">Creator</roleTerm>
    </role>
  </name>
  <name type="personal">
    <namePart>Takács Vonósnégyes.</namePart>
    <role>
      <roleTerm authority="marcrelator" type="code">cre</roleTerm>
      <roleTerm authority="marcrelator" type="text">Creator</roleTerm>
    </role>
  </name>
  <typeOfResource>moving image</typeOfResource>
  <genre>String quartets. Canons, fugues, etc. (String quartet).</genre>
  <originInfo>
    <dateCreated encoding="edtf">Recorded on Nov. 17-20, 2003; May 17-21, 2004; July 19-23, 2004, St. George&apos;s, Bristol.</dateCreated>
    <dateIssued encoding="edtf">2004</dateIssued>
    <copyrightDate encoding="iso8601">2004</copyrightDate>
    <publisher>Decca</publisher>
  </originInfo>
  <physicalDescription></physicalDescription>
  <abstract>Titles on container: The late string quartets = Die späten Streichquartette = Les derniers quatuors à cordes. Compact discs. Program notes by Misha Donat (13 p. : port.) inserted in container. E flat major, op. 127 -- C sharp minor, op. 131 -- A minor, op. 132 -- F major, op. 135 -- F minor, op. 95 : Quartett[o] serioso -- B flat major, op. 130 -- Grosse Fuge : op. 133.</abstract>
  <subject>
    <topic>Beethoven, Ludwig van, 1770-1827. Quartets, strings, no. 14, op. 131, C♯ minor.</topic>
  </subject>
  <subject>
    <topic>Beethoven, Ludwig van, 1770-1827. Quartets, strings, no. 15, op. 132, A minor.</topic>
  </subject>
  <subject>
    <topic>Beethoven, Ludwig van, 1770-1827. Quartets, strings, no. 16, op. 135, F major.</topic>
  </subject>
  <identifier>avalon:musical-performance</identifier>
  <recordInfo>
    <recordOrigin>Avalon Media System</recordOrigin>
    <recordContentSource>IEN</recordContentSource>
    <recordCreationDate>20121029</recordCreationDate>
    <recordChangeDate>2012-11-15T16:24:42-05:00</recordChangeDate>
    <recordIdentifier source="Fedora"></recordIdentifier>
    <languageOfCataloging>
      <languageTerm authority="iso639-2b" type="code">eng</languageTerm>
    </languageOfCataloging>
  </recordInfo>
</mods>
</foxml:xmlContent>
</foxml:datastreamVersion>
</foxml:datastream>
<foxml:datastream ID="workflow" STATE="A" CONTROL_GROUP="X" VERSIONABLE="true">
<foxml:datastreamVersion ID="workflow.0" LABEL="" CREATED="2012-11-15T21:24:43.063Z" MIMETYPE="text/xml" SIZE="139">
<foxml:xmlContent>
<workflow>
  <last_completed_step>file-upload</last_completed_step>
  <published>false</published>
  <origin>unknown</origin>
</workflow>
</foxml:xmlContent>
</foxml:datastreamVersion>
</foxml:datastream>
</foxml:digitalObject>
