<?xml version="1.0" encoding="UTF-8"?>
<foxml:digitalObject VERSION="1.1" PID="avalon:electronic-resource"
xmlns:foxml="info:fedora/fedora-system:def/foxml#"
xmlns:xsi="http://www.w3.org/2001/XMLSchema-instance"
xsi:schemaLocation="info:fedora/fedora-system:def/foxml# http://www.fedora.info/definitions/1/0/foxml1-1.xsd">
<foxml:objectProperties>
<foxml:property NAME="info:fedora/fedora-system:def/model#state" VALUE="Active"/>
<foxml:property NAME="info:fedora/fedora-system:def/model#label" VALUE=""/>
<foxml:property NAME="info:fedora/fedora-system:def/model#ownerId" VALUE="fedoraAdmin"/>
<foxml:property NAME="info:fedora/fedora-system:def/model#createdDate" VALUE="2012-10-29T14:04:24.549Z"/>
<foxml:property NAME="info:fedora/fedora-system:def/view#lastModifiedDate" VALUE="2012-11-15T21:24:00.204Z"/>
</foxml:objectProperties>
<foxml:datastream ID="AUDIT" STATE="A" CONTROL_GROUP="X" VERSIONABLE="false">
<foxml:datastreamVersion ID="AUDIT.0" LABEL="Audit Trail for this object" CREATED="2012-10-29T14:04:24.549Z" MIMETYPE="text/xml" FORMAT_URI="info:fedora/fedora-system:format/xml.fedora.audit">
<foxml:xmlContent>
<audit:auditTrail xmlns:audit="info:fedora/fedora-system:def/audit#">
<audit:record ID="AUDREC1">
<audit:process type="Fedora API-M"/>
<audit:action>addDatastream</audit:action>
<audit:componentID>RELS-EXT</audit:componentID>
<audit:responsibility>fedoraAdmin</audit:responsibility>
<audit:date>2012-10-29T14:04:24.644Z</audit:date>
<audit:justification></audit:justification>
</audit:record>
<audit:record ID="AUDREC2">
<audit:process type="Fedora API-M"/>
<audit:action>addDatastream</audit:action>
<audit:componentID>rightsMetadata</audit:componentID>
<audit:responsibility>fedoraAdmin</audit:responsibility>
<audit:date>2012-10-29T14:04:24.704Z</audit:date>
<audit:justification></audit:justification>
</audit:record>
<audit:record ID="AUDREC3">
<audit:process type="Fedora API-M"/>
<audit:action>modifyDatastreamByValue</audit:action>
<audit:componentID>DC</audit:componentID>
<audit:responsibility>fedoraAdmin</audit:responsibility>
<audit:date>2012-10-29T14:04:24.755Z</audit:date>
<audit:justification></audit:justification>
</audit:record>
<audit:record ID="AUDREC4">
<audit:process type="Fedora API-M"/>
<audit:action>addDatastream</audit:action>
<audit:componentID>descMetadata</audit:componentID>
<audit:responsibility>fedoraAdmin</audit:responsibility>
<audit:date>2012-10-29T14:04:24.813Z</audit:date>
<audit:justification></audit:justification>
</audit:record>
<audit:record ID="AUDREC5">
<audit:process type="Fedora API-M"/>
<audit:action>modifyDatastreamByValue</audit:action>
<audit:componentID>descMetadata</audit:componentID>
<audit:responsibility>fedoraAdmin</audit:responsibility>
<audit:date>2012-10-29T14:10:22.256Z</audit:date>
<audit:justification></audit:justification>
</audit:record>
<audit:record ID="AUDREC6">
<audit:process type="Fedora API-M"/>
<audit:action>modifyDatastreamByValue</audit:action>
<audit:componentID>rightsMetadata</audit:componentID>
<audit:responsibility>fedoraAdmin</audit:responsibility>
<audit:date>2012-10-29T14:10:28.064Z</audit:date>
<audit:justification></audit:justification>
</audit:record>
<audit:record ID="AUDREC7">
<audit:process type="Fedora API-M"/>
<audit:action>modifyDatastreamByValue</audit:action>
<audit:componentID>descMetadata</audit:componentID>
<audit:responsibility>fedoraAdmin</audit:responsibility>
<audit:date>2012-10-29T14:10:28.125Z</audit:date>
<audit:justification></audit:justification>
</audit:record>
<audit:record ID="AUDREC8">
<audit:process type="Fedora API-M"/>
<audit:action>modifyDatastreamByValue</audit:action>
<audit:componentID>DC</audit:componentID>
<audit:responsibility>fedoraAdmin</audit:responsibility>
<audit:date>2012-10-29T14:10:46.121Z</audit:date>
<audit:justification></audit:justification>
</audit:record>
<audit:record ID="AUDREC9">
<audit:process type="Fedora API-M"/>
<audit:action>modifyDatastreamByValue</audit:action>
<audit:componentID>descMetadata</audit:componentID>
<audit:responsibility>fedoraAdmin</audit:responsibility>
<audit:date>2012-10-29T14:10:46.182Z</audit:date>
<audit:justification></audit:justification>
</audit:record>
<audit:record ID="AUDREC10">
<audit:process type="Fedora API-M"/>
<audit:action>modifyDatastreamByValue</audit:action>
<audit:componentID>descMetadata</audit:componentID>
<audit:responsibility>fedoraAdmin</audit:responsibility>
<audit:date>2012-11-15T21:15:46.515Z</audit:date>
<audit:justification></audit:justification>
</audit:record>
<audit:record ID="AUDREC11">
<audit:process type="Fedora API-M"/>
<audit:action>modifyDatastreamByValue</audit:action>
<audit:componentID>descMetadata</audit:componentID>
<audit:responsibility>fedoraAdmin</audit:responsibility>
<audit:date>2012-11-15T21:23:30.956Z</audit:date>
<audit:justification></audit:justification>
</audit:record>
<audit:record ID="AUDREC12">
<audit:process type="Fedora API-M"/>
<audit:action>modifyDatastreamByValue</audit:action>
<audit:componentID>descMetadata</audit:componentID>
<audit:responsibility>fedoraAdmin</audit:responsibility>
<audit:date>2012-11-15T21:24:00.038Z</audit:date>
<audit:justification></audit:justification>
</audit:record>
<audit:record ID="AUDREC13">
<audit:process type="Fedora API-M"/>
<audit:action>addDatastream</audit:action>
<audit:componentID>workflow</audit:componentID>
<audit:responsibility>fedoraAdmin</audit:responsibility>
<audit:date>2012-11-15T21:24:00.204Z</audit:date>
<audit:justification></audit:justification>
</audit:record>
</audit:auditTrail>
</foxml:xmlContent>
</foxml:datastreamVersion>
</foxml:datastream>
<foxml:datastream ID="DC" STATE="A" CONTROL_GROUP="X" VERSIONABLE="true">
<foxml:datastreamVersion ID="DC1.0" LABEL="Dublin Core Record for this object" CREATED="2012-10-29T14:04:24.549Z" MIMETYPE="text/xml" FORMAT_URI="http://www.openarchives.org/OAI/2.0/oai_dc/" SIZE="356">
<foxml:xmlContent>
<oai_dc:dc xmlns:oai_dc="http://www.openarchives.org/OAI/2.0/oai_dc/" xmlns:dc="http://purl.org/dc/elements/1.1/" xmlns:xsi="http://www.w3.org/2001/XMLSchema-instance" xsi:schemaLocation="http://www.openarchives.org/OAI/2.0/oai_dc/ http://www.openarchives.org/OAI/2.0/oai_dc.xsd">
  <dc:identifier>avalon:electronic-resource</dc:identifier>
</oai_dc:dc>
</foxml:xmlContent>
</foxml:datastreamVersion>
<foxml:datastreamVersion ID="DC.1" LABEL="Dublin Core Record for this object" CREATED="2012-10-29T14:04:24.755Z" MIMETYPE="text/xml" FORMAT_URI="http://www.openarchives.org/OAI/2.0/oai_dc/" SIZE="392">
<foxml:xmlContent>
<oai_dc:dc xmlns:dc="http://purl.org/dc/elements/1.1/" xmlns:oai_dc="http://www.openarchives.org/OAI/2.0/oai_dc/" xmlns:xsi="http://www.w3.org/2001/XMLSchema-instance" xsi:schemaLocation="http://www.openarchives.org/OAI/2.0/oai_dc/ http://www.openarchives.org/OAI/2.0/oai_dc.xsd">
  <dc:creator>jlhardes</dc:creator>
  <dc:identifier>avalon:electronic-resource</dc:identifier>
</oai_dc:dc>
</foxml:xmlContent>
</foxml:datastreamVersion>
<foxml:datastreamVersion ID="DC.2" LABEL="Dublin Core Record for this object" CREATED="2012-10-29T14:10:46.121Z" MIMETYPE="text/xml" FORMAT_URI="http://www.openarchives.org/OAI/2.0/oai_dc/" SIZE="432">
<foxml:xmlContent>
<oai_dc:dc xmlns:oai_dc="http://www.openarchives.org/OAI/2.0/oai_dc/" xmlns:dc="http://purl.org/dc/elements/1.1/" xmlns:xsi="http://www.w3.org/2001/XMLSchema-instance" xsi:schemaLocation="http://www.openarchives.org/OAI/2.0/oai_dc/ http://www.openarchives.org/OAI/2.0/oai_dc.xsd">
  <dc:creator>jlhardes</dc:creator>
  <dc:publisher>jlhardes</dc:publisher>
  <dc:identifier>avalon:electronic-resource</dc:identifier>
</oai_dc:dc>
</foxml:xmlContent>
</foxml:datastreamVersion>
</foxml:datastream>
<foxml:datastream ID="RELS-EXT" STATE="A" CONTROL_GROUP="X" VERSIONABLE="true">
<foxml:datastreamVersion ID="RELS-EXT.0" LABEL="Fedora Object-to-Object Relationship Metadata" CREATED="2012-10-29T14:04:24.644Z" MIMETYPE="application/rdf+xml" SIZE="301">
<foxml:xmlContent>
<rdf:RDF xmlns:ns0="info:fedora/fedora-system:def/model#" xmlns:rdf="http://www.w3.org/1999/02/22-rdf-syntax-ns#">
  <rdf:Description rdf:about="info:fedora/avalon:electronic-resource">
    <ns0:hasModel rdf:resource="info:fedora/afmodel:MediaObject"></ns0:hasModel>
  </rdf:Description>
</rdf:RDF>
</foxml:xmlContent>
</foxml:datastreamVersion>
</foxml:datastream>
<foxml:datastream ID="rightsMetadata" STATE="A" CONTROL_GROUP="X" VERSIONABLE="true">
<foxml:datastreamVersion ID="rightsMetadata.0" LABEL="" CREATED="2012-10-29T14:04:24.704Z" MIMETYPE="text/xml" SIZE="631">
<foxml:xmlContent>
<rightsMetadata xmlns="http://hydra-collab.stanford.edu/schemas/rightsMetadata/v1" version="0.1">
  <copyright>
    <human type="title"></human>
    <human type="description"></human>
    <machine type="uri"></machine>
  </copyright>
  <access type="discover">
    <human></human>
    <machine></machine>
  </access>
  <access type="read">
    <human></human>
    <machine></machine>
  </access>
  <access type="edit">
    <human></human>
    <machine>
      <group>collection_manager</group>
      <group>archivist</group>
      <person>jlhardes</person>
    </machine>
  </access>
  <embargo>
    <human></human>
    <machine></machine>
  </embargo>
</rightsMetadata>
</foxml:xmlContent>
</foxml:datastreamVersion>
<foxml:datastreamVersion ID="rightsMetadata.1" LABEL="" CREATED="2012-10-29T14:10:28.064Z" MIMETYPE="text/xml" SIZE="696">
<foxml:xmlContent>
<rightsMetadata xmlns="http://hydra-collab.stanford.edu/schemas/rightsMetadata/v1" version="0.1">
  <copyright>
    <human type="title"></human>
    <human type="description"></human>
    <machine type="uri"></machine>
  </copyright>
  <access type="discover">
    <human></human>
    <machine></machine>
  </access>
  <access type="read">
    <human></human>
    <machine>
      <group>public</group>
      <group>registered</group>
    </machine>
  </access>
  <access type="edit">
    <human></human>
    <machine>
      <person>jlhardes</person>
      <group>archivist</group>
      <group>collection_manager</group>
    </machine>
  </access>
  <embargo>
    <human></human>
    <machine></machine>
  </embargo>
</rightsMetadata>
</foxml:xmlContent>
</foxml:datastreamVersion>
</foxml:datastream>
<foxml:datastream ID="descMetadata" STATE="A" CONTROL_GROUP="X" VERSIONABLE="true">
<foxml:datastreamVersion ID="descMetadata.0" LABEL="" CREATED="2012-10-29T14:04:24.813Z" MIMETYPE="text/xml" SIZE="767">
<foxml:xmlContent>
<mods xmlns="http://www.loc.gov/mods/v3" xmlns:xsi="http://www.w3.org/2001/XMLSchema-instance" xsi:schemaLocation="http://www.loc.gov/mods/v3 http://www.loc.gov/standards/mods/v3/mods-3-4.xsd">
  <typeOfResource>moving image</typeOfResource>
  <originInfo></originInfo>
  <physicalDescription></physicalDescription>
  <recordInfo>
    <recordOrigin>Avalon Media System</recordOrigin>
    <recordContentSource>IEN</recordContentSource>
    <recordCreationDate>20121029</recordCreationDate>
    <recordChangeDate>2012-10-29T10:04:24-04:00</recordChangeDate>
    <recordIdentifier source="Fedora"></recordIdentifier>
    <languageOfCataloging>
      <languageTerm authority="iso639-2b" type="code">eng</languageTerm>
    </languageOfCataloging>
  </recordInfo>
</mods>
</foxml:xmlContent>
</foxml:datastreamVersion>
<foxml:datastreamVersion ID="descMetadata.1" LABEL="" CREATED="2012-10-29T14:10:22.256Z" MIMETYPE="text/xml" SIZE="1887">
<foxml:xmlContent>
<mods xmlns="http://www.loc.gov/mods/v3" xmlns:xsi="http://www.w3.org/2001/XMLSchema-instance" xsi:schemaLocation="http://www.loc.gov/mods/v3 http://www.loc.gov/standards/mods/v3/mods-3-4.xsd">
  <titleInfo usage="primary">
    <title>Banzai Babe Ruth [electronic resource]: baseball, espionage, &amp; assassination during the 1934 tour of Japan. Robert K. Fitts.</title>
  </titleInfo>
  <name usage="primary" type="personal">
    <namePart>Fitts, Robert K. 1965-.</namePart>
    <role>
      <roleTerm authority="marcrelator" type="code">cre</roleTerm>
      <roleTerm authority="marcrelator" type="text">Creator</roleTerm>
    </role>
  </name>
  <typeOfResource>moving image</typeOfResource>
  <genre></genre>
  <originInfo>
    <dateCreated encoding="edtf">2012</dateCreated>
    <dateIssued encoding="edtf">2012</dateIssued>
    <copyrightDate encoding="iso8601">2012</copyrightDate>
    <publisher>University of Nebraska Press</publisher>
  </originInfo>
  <physicalDescription></physicalDescription>
  <abstract>Description based on print version record. Includes bibliographical references and index. Electronic reproduction. Palo Alto, Calif. Available via World Wide Web.</abstract>
  <subject>
    <topic>Ruth, Babe, 1895-1948.</topic>
  </subject>
  <subject>
    <topic>Baseball--United States History--20th century.</topic>
  </subject>
  <subject>
    <topic>Baseball--Japan--History--20th century.</topic>
  </subject>
  <recordInfo>
    <recordOrigin>Avalon Media System</recordOrigin>
    <recordContentSource>IEN</recordContentSource>
    <recordCreationDate>20121029</recordCreationDate>
    <recordChangeDate>2012-10-29T10:04:24-04:00</recordChangeDate>
    <recordIdentifier source="Fedora"></recordIdentifier>
    <languageOfCataloging>
      <languageTerm authority="iso639-2b" type="code">eng</languageTerm>
    </languageOfCataloging>
  </recordInfo>
</mods>
</foxml:xmlContent>
</foxml:datastreamVersion>
<foxml:datastreamVersion ID="descMetadata.2" LABEL="" CREATED="2012-10-29T14:10:28.125Z" MIMETYPE="text/xml" SIZE="1887">
<foxml:xmlContent>
<mods xmlns="http://www.loc.gov/mods/v3" xmlns:xsi="http://www.w3.org/2001/XMLSchema-instance" xsi:schemaLocation="http://www.loc.gov/mods/v3 http://www.loc.gov/standards/mods/v3/mods-3-4.xsd">
  <titleInfo usage="primary">
    <title>Banzai Babe Ruth [electronic resource]: baseball, espionage, &amp; assassination during the 1934 tour of Japan. Robert K. Fitts.</title>
  </titleInfo>
  <name usage="primary" type="personal">
    <namePart>Fitts, Robert K. 1965-.</namePart>
    <role>
      <roleTerm authority="marcrelator" type="code">cre</roleTerm>
      <roleTerm authority="marcrelator" type="text">Creator</roleTerm>
    </role>
  </name>
  <typeOfResource>moving image</typeOfResource>
  <genre></genre>
  <originInfo>
    <dateCreated encoding="edtf">2012</dateCreated>
    <dateIssued encoding="edtf">2012</dateIssued>
    <copyrightDate encoding="iso8601">2012</copyrightDate>
    <publisher>University of Nebraska Press</publisher>
  </originInfo>
  <physicalDescription></physicalDescription>
  <abstract>Description based on print version record. Includes bibliographical references and index. Electronic reproduction. Palo Alto, Calif. Available via World Wide Web.</abstract>
  <subject>
    <topic>Ruth, Babe, 1895-1948.</topic>
  </subject>
  <subject>
    <topic>Baseball--United States History--20th century.</topic>
  </subject>
  <subject>
    <topic>Baseball--Japan--History--20th century.</topic>
  </subject>
  <recordInfo>
    <recordOrigin>Avalon Media System</recordOrigin>
    <recordContentSource>IEN</recordContentSource>
    <recordCreationDate>20121029</recordCreationDate>
    <recordChangeDate>2012-10-29T10:04:24-04:00</recordChangeDate>
    <recordIdentifier source="Fedora"></recordIdentifier>
    <languageOfCataloging>
      <languageTerm authority="iso639-2b" type="code">eng</languageTerm>
    </languageOfCataloging>
  </recordInfo>
</mods>
</foxml:xmlContent>
</foxml:datastreamVersion>
<foxml:datastreamVersion ID="descMetadata.3" LABEL="" CREATED="2012-10-29T14:10:46.182Z" MIMETYPE="text/xml" SIZE="1887">
<foxml:xmlContent>
<mods xmlns="http://www.loc.gov/mods/v3" xmlns:xsi="http://www.w3.org/2001/XMLSchema-instance" xsi:schemaLocation="http://www.loc.gov/mods/v3 http://www.loc.gov/standards/mods/v3/mods-3-4.xsd">
  <titleInfo usage="primary">
    <title>Banzai Babe Ruth [electronic resource]: baseball, espionage, &amp; assassination during the 1934 tour of Japan. Robert K. Fitts.</title>
  </titleInfo>
  <name usage="primary" type="personal">
    <namePart>Fitts, Robert K. 1965-.</namePart>
    <role>
      <roleTerm authority="marcrelator" type="code">cre</roleTerm>
      <roleTerm authority="marcrelator" type="text">Creator</roleTerm>
    </role>
  </name>
  <typeOfResource>moving image</typeOfResource>
  <genre></genre>
  <originInfo>
    <dateCreated encoding="edtf">2012</dateCreated>
    <dateIssued encoding="edtf">2012</dateIssued>
    <copyrightDate encoding="iso8601">2012</copyrightDate>
    <publisher>University of Nebraska Press</publisher>
  </originInfo>
  <physicalDescription></physicalDescription>
  <abstract>Description based on print version record. Includes bibliographical references and index. Electronic reproduction. Palo Alto, Calif. Available via World Wide Web.</abstract>
  <subject>
    <topic>Ruth, Babe, 1895-1948.</topic>
  </subject>
  <subject>
    <topic>Baseball--United States History--20th century.</topic>
  </subject>
  <subject>
    <topic>Baseball--Japan--History--20th century.</topic>
  </subject>
  <recordInfo>
    <recordOrigin>Avalon Media System</recordOrigin>
    <recordContentSource>IEN</recordContentSource>
    <recordCreationDate>20121029</recordCreationDate>
    <recordChangeDate>2012-10-29T10:04:24-04:00</recordChangeDate>
    <recordIdentifier source="Fedora"></recordIdentifier>
    <languageOfCataloging>
      <languageTerm authority="iso639-2b" type="code">eng</languageTerm>
    </languageOfCataloging>
  </recordInfo>
</mods>
</foxml:xmlContent>
</foxml:datastreamVersion>
<foxml:datastreamVersion ID="descMetadata.4" LABEL="" CREATED="2012-11-15T21:15:46.515Z" MIMETYPE="text/xml" SIZE="1942">
<foxml:xmlContent>
<mods xmlns="http://www.loc.gov/mods/v3" xmlns:xsi="http://www.w3.org/2001/XMLSchema-instance" xsi:schemaLocation="http://www.loc.gov/mods/v3 http://www.loc.gov/standards/mods/v3/mods-3-4.xsd">
  <titleInfo usage="primary">
    <title>Banzai Babe Ruth [electronic resource]: baseball, espionage, &amp; assassination during the 1934 tour of Japan. Robert K. Fitts.</title>
  </titleInfo>
  <name type="personal" usage="primary">
    <namePart>Fitts, Robert K. 1965-.</namePart>
    <role>
      <roleTerm authority="marcrelator" type="code">cre</roleTerm>
      <roleTerm authority="marcrelator" type="text">Creator</roleTerm>
    </role>
  </name>
  <typeOfResource>moving image</typeOfResource>
  <genre></genre>
  <originInfo>
    <dateCreated encoding="edtf">2012</dateCreated>
    <dateIssued encoding="edtf">2012</dateIssued>
    <copyrightDate encoding="iso8601">2012</copyrightDate>
    <publisher>University of Nebraska Press</publisher>
  </originInfo>
  <physicalDescription></physicalDescription>
  <abstract>Description based on print version record. Includes bibliographical references and index. Electronic reproduction. Palo Alto, Calif. Available via World Wide Web.</abstract>
  <subject>
    <topic>Ruth, Babe, 1895-1948.</topic>
  </subject>
  <subject>
    <topic>Baseball--United States History--20th century.</topic>
  </subject>
  <subject>
    <topic>Baseball--Japan--History--20th century.</topic>
  </subject>
  <recordInfo>
    <recordOrigin>Avalon Media System</recordOrigin>
    <recordContentSource>IEN</recordContentSource>
    <recordCreationDate>20121029</recordCreationDate>
    <recordChangeDate>2012-11-15T16:15:45-05:00</recordChangeDate>
    <recordIdentifier source="Fedora"></recordIdentifier>
    <languageOfCataloging>
      <languageTerm authority="iso639-2b" type="code">eng</languageTerm>
    </languageOfCataloging>
  </recordInfo>
  <identifier>avalon:electronic-resource</identifier>
</mods>
</foxml:xmlContent>
</foxml:datastreamVersion>
<foxml:datastreamVersion ID="descMetadata.5" LABEL="" CREATED="2012-11-15T21:23:30.956Z" MIMETYPE="text/xml" SIZE="1942">
<foxml:xmlContent>
<mods xmlns="http://www.loc.gov/mods/v3" xmlns:xsi="http://www.w3.org/2001/XMLSchema-instance" xsi:schemaLocation="http://www.loc.gov/mods/v3 http://www.loc.gov/standards/mods/v3/mods-3-4.xsd">
  <titleInfo usage="primary">
    <title>Banzai Babe Ruth [electronic resource]: baseball, espionage, &amp; assassination during the 1934 tour of Japan. Robert K. Fitts.</title>
  </titleInfo>
  <name type="personal" usage="primary">
    <namePart>Fitts, Robert K. 1965-.</namePart>
    <role>
      <roleTerm authority="marcrelator" type="code">cre</roleTerm>
      <roleTerm authority="marcrelator" type="text">Creator</roleTerm>
    </role>
  </name>
  <typeOfResource>moving image</typeOfResource>
  <genre></genre>
  <originInfo>
    <dateCreated encoding="edtf">2012</dateCreated>
    <dateIssued encoding="edtf">2012</dateIssued>
    <copyrightDate encoding="iso8601">2012</copyrightDate>
    <publisher>University of Nebraska Press</publisher>
  </originInfo>
  <physicalDescription></physicalDescription>
  <abstract>Description based on print version record. Includes bibliographical references and index. Electronic reproduction. Palo Alto, Calif. Available via World Wide Web.</abstract>
  <subject>
    <topic>Ruth, Babe, 1895-1948.</topic>
  </subject>
  <subject>
    <topic>Baseball--United States History--20th century.</topic>
  </subject>
  <subject>
    <topic>Baseball--Japan--History--20th century.</topic>
  </subject>
  <identifier>avalon:electronic-resource</identifier>
  <recordInfo>
    <recordOrigin>Avalon Media System</recordOrigin>
    <recordContentSource>IEN</recordContentSource>
    <recordCreationDate>20121029</recordCreationDate>
    <recordChangeDate>2012-11-15T16:23:30-05:00</recordChangeDate>
    <recordIdentifier source="Fedora"></recordIdentifier>
    <languageOfCataloging>
      <languageTerm authority="iso639-2b" type="code">eng</languageTerm>
    </languageOfCataloging>
  </recordInfo>
</mods>
</foxml:xmlContent>
</foxml:datastreamVersion>
<foxml:datastreamVersion ID="descMetadata.6" LABEL="" CREATED="2012-11-15T21:24:00.038Z" MIMETYPE="text/xml" SIZE="1942">
<foxml:xmlContent>
<mods xmlns="http://www.loc.gov/mods/v3" xmlns:xsi="http://www.w3.org/2001/XMLSchema-instance" xsi:schemaLocation="http://www.loc.gov/mods/v3 http://www.loc.gov/standards/mods/v3/mods-3-4.xsd">
  <titleInfo usage="primary">
    <title>Banzai Babe Ruth [electronic resource]: baseball, espionage, &amp; assassination during the 1934 tour of Japan. Robert K. Fitts.</title>
  </titleInfo>
  <name type="personal" usage="primary">
    <namePart>Fitts, Robert K. 1965-.</namePart>
    <role>
      <roleTerm authority="marcrelator" type="code">cre</roleTerm>
      <roleTerm authority="marcrelator" type="text">Creator</roleTerm>
    </role>
  </name>
  <typeOfResource>moving image</typeOfResource>
  <genre></genre>
  <originInfo>
    <dateCreated encoding="edtf">2012</dateCreated>
    <dateIssued encoding="edtf">2012</dateIssued>
    <copyrightDate encoding="iso8601">2012</copyrightDate>
    <publisher>University of Nebraska Press</publisher>
  </originInfo>
  <physicalDescription></physicalDescription>
  <abstract>Description based on print version record. Includes bibliographical references and index. Electronic reproduction. Palo Alto, Calif. Available via World Wide Web.</abstract>
  <subject>
    <topic>Ruth, Babe, 1895-1948.</topic>
  </subject>
  <subject>
    <topic>Baseball--United States History--20th century.</topic>
  </subject>
  <subject>
    <topic>Baseball--Japan--History--20th century.</topic>
  </subject>
  <identifier>avalon:electronic-resource</identifier>
  <recordInfo>
    <recordOrigin>Avalon Media System</recordOrigin>
    <recordContentSource>IEN</recordContentSource>
    <recordCreationDate>20121029</recordCreationDate>
    <recordChangeDate>2012-11-15T16:24:00-05:00</recordChangeDate>
    <recordIdentifier source="Fedora"></recordIdentifier>
    <languageOfCataloging>
      <languageTerm authority="iso639-2b" type="code">eng</languageTerm>
    </languageOfCataloging>
  </recordInfo>
</mods>
</foxml:xmlContent>
</foxml:datastreamVersion>
</foxml:datastream>
<foxml:datastream ID="workflow" STATE="A" CONTROL_GROUP="X" VERSIONABLE="true">
<foxml:datastreamVersion ID="workflow.0" LABEL="" CREATED="2012-11-15T21:24:00.204Z" MIMETYPE="text/xml" SIZE="139">
<foxml:xmlContent>
<workflow>
  <last_completed_step>file-upload</last_completed_step>
  <published>false</published>
  <origin>unknown</origin>
</workflow>
</foxml:xmlContent>
</foxml:datastreamVersion>
</foxml:datastream>
</foxml:digitalObject>
