<?xml version="1.0" encoding="UTF-8" standalone="yes"?><workflow xmlns="http://workflow.opencastproject.org" xmlns:ns2="http://org.opencastproject.security" xmlns:ns3="http://mediapackage.opencastproject.org" state="SUCCEEDED" id="1103"><template>avalon</template><title>Encode, Analyze, and Distribute (Avalon)</title><description>
    A simple workflow that transcodes the media into distribution formats, then sends the resulting distribution files,
    along with their associated metadata, to the distribution channels.
  </description><parent xmlns:xsi="http://www.w3.org/2001/XMLSchema-instance" xsi:nil="true"/><ns2:creator><ns2:userName>admin</ns2:userName><ns2:roles>ROLE_ADMIN</ns2:roles><ns2:roles>ROLE_ANONYMOUS</ns2:roles><ns2:roles>ROLE_OAUTH_USER</ns2:roles><ns2:roles>ROLE_USER</ns2:roles><ns2:organization>mh_default_org</ns2:organization></ns2:creator><ns2:organization id="mh_default_org"><ns2:name>Opencast Project</ns2:name><ns2:serverName>localhost</ns2:serverName><ns2:serverPort>8080</ns2:serverPort><ns2:adminRole>ROLE_ADMIN</ns2:adminRole><ns2:anonymousRole>ROLE_ANONYMOUS</ns2:anonymousRole><ns2:properties><ns2:property key="engageui.links_media_module.enable">false</ns2:property><ns2:property key="logo_small">/xengage/ui/img/mh_logos/OpencastLogo.png</ns2:property><ns2:property key="adminui.chunksize">2024</ns2:property><ns2:property key="engageui.link_mobile_redirect.description">For more information have a look at the official site.</ns2:property><ns2:property key="engageui.annotations.enable">false</ns2:property><ns2:property key="adminui.series_prepopulate.enable">false</ns2:property><ns2:property key="adminui.i18n_tab_users.enable">false</ns2:property><ns2:property key="engageui.link_download.enable">false</ns2:property><ns2:property key="engageui.link_mobile_redirect.url">http://opencast.org/matterhorn/</ns2:property><ns2:property key="logo_large">/xengage/ui/img/mh_logos/MatterhornLogo_large.png</ns2:property><ns2:property key="adminui.i18n_tab_episode.enable">false</ns2:property><ns2:property key="engageui.link_mobile_redirect.enable">false</ns2:property></ns2:properties></ns2:organization><ns3:mediapackage start="2013-01-04T16:57:00Z" id="bd22e816-9cd1-4586-8357-6217ef8f2bbf" duration="6339"><ns3:title>Test quality tags</ns3:title><ns3:media><ns3:track type="presenter/source" id="track-1"><ns3:mimetype>video/mp4</ns3:mimetype><ns3:tags/><ns3:url>http://mallorn.dlib.indiana.edu:8080/files/mediapackage/bd22e816-9cd1-4586-8357-6217ef8f2bbf/d8746563-335e-4afd-9eb9-616d89009784/videoshort.mp4</ns3:url><ns3:checksum type="md5">7ae24368ccb7a6c6422a14ff73f33c9a</ns3:checksum><ns3:duration>6314</ns3:duration><ns3:audio id="audio-1"><ns3:device/><ns3:encoder type="AAC"/><ns3:channels>2</ns3:channels><ns3:bitrate>171030.0</ns3:bitrate></ns3:audio><ns3:video id="video-1"><ns3:device/><ns3:encoder type="AVC"/><ns3:bitrate>74477.0</ns3:bitrate><ns3:framerate>23.719</ns3:framerate><ns3:resolution>200x110</ns3:resolution><ns3:scantype type="Progressive"/></ns3:video></ns3:track><ns3:track type="presenter/work" id="track-2"><ns3:mimetype>video/mp4</ns3:mimetype><ns3:tags/><ns3:url>http://mallorn.dlib.indiana.edu:8080/files/mediapackage/bd22e816-9cd1-4586-8357-6217ef8f2bbf/d8746563-335e-4afd-9eb9-616d89009784/videoshort.mp4</ns3:url><ns3:checksum type="md5">7ae24368ccb7a6c6422a14ff73f33c9a</ns3:checksum><ns3:duration>6314</ns3:duration><ns3:audio id="audio-1"><ns3:device/><ns3:encoder type="AAC"/><ns3:channels>2</ns3:channels><ns3:bitrate>171030.0</ns3:bitrate></ns3:audio><ns3:video id="video-1"><ns3:device/><ns3:encoder type="AVC"/><ns3:bitrate>74477.0</ns3:bitrate><ns3:framerate>23.719</ns3:framerate><ns3:resolution>200x110</ns3:resolution><ns3:scantype type="Progressive"/></ns3:video></ns3:track><ns3:track ref="track:track-2" type="presenter/trimmed" id="track-3"><ns3:mimetype>video/mp4</ns3:mimetype><ns3:tags/><ns3:url>http://mallorn.dlib.indiana.edu:8080/files/mediapackage/bd22e816-9cd1-4586-8357-6217ef8f2bbf/d8746563-335e-4afd-9eb9-616d89009784/videoshort.mp4</ns3:url><ns3:checksum type="md5">7ae24368ccb7a6c6422a14ff73f33c9a</ns3:checksum><ns3:duration>6314</ns3:duration><ns3:audio id="audio-1"><ns3:device/><ns3:encoder type="AAC"/><ns3:channels>2</ns3:channels><ns3:bitrate>171030.0</ns3:bitrate></ns3:audio><ns3:video id="video-1"><ns3:device/><ns3:encoder type="AVC"/><ns3:bitrate>74477.0</ns3:bitrate><ns3:framerate>23.719</ns3:framerate><ns3:resolution>200x110</ns3:resolution><ns3:scantype type="Progressive"/></ns3:video></ns3:track><ns3:track ref="track:track-3" type="presenter/delivery" id="cf45a7a9-94eb-48b9-9d77-56a84749882c"><ns3:mimetype>video/mp4</ns3:mimetype><ns3:tags><ns3:tag>engage</ns3:tag><ns3:tag>quality-low</ns3:tag></ns3:tags><ns3:url>http://mallorn.dlib.indiana.edu:8080/files/mediapackage/bd22e816-9cd1-4586-8357-6217ef8f2bbf/cf45a7a9-94eb-48b9-9d77-56a84749882c/videoshort.mp4</ns3:url><ns3:checksum type="md5">4bebcae0cc965ecfd0dc56a2b1b66f6e</ns3:checksum><ns3:duration>6339</ns3:duration><ns3:audio id="audio-1"><ns3:device/><ns3:encoder type="AAC"/><ns3:channels>2</ns3:channels><ns3:bitrate>76508.0</ns3:bitrate></ns3:audio><ns3:video id="video-1"><ns3:device/><ns3:encoder type="AVC"/><ns3:bitrate>250000.0</ns3:bitrate><ns3:framerate>24.0</ns3:framerate><ns3:resolution>200x110</ns3:resolution><ns3:scantype type="Progressive"/></ns3:video></ns3:track><ns3:track ref="track:track-3" type="presenter/delivery" id="5ac6953a-1a0e-441c-b21a-4d653948b9c9"><ns3:mimetype>video/mp4</ns3:mimetype><ns3:tags><ns3:tag>engage</ns3:tag><ns3:tag>quality-medium</ns3:tag></ns3:tags><ns3:url>http://mallorn.dlib.indiana.edu:8080/files/mediapackage/bd22e816-9cd1-4586-8357-6217ef8f2bbf/5ac6953a-1a0e-441c-b21a-4d653948b9c9/videoshort.mp4</ns3:url><ns3:checksum type="md5">ee735e0d435e814a60b75b9821a83c98</ns3:checksum><ns3:duration>6339</ns3:duration><ns3:audio id="audio-1"><ns3:device/><ns3:encoder type="AAC"/><ns3:channels>2</ns3:channels><ns3:bitrate>76508.0</ns3:bitrate></ns3:audio><ns3:video id="video-1"><ns3:device/><ns3:encoder type="AVC"/><ns3:bitrate>500000.0</ns3:bitrate><ns3:framerate>24.0</ns3:framerate><ns3:resolution>200x110</ns3:resolution><ns3:scantype type="Progressive"/></ns3:video></ns3:track><ns3:track ref="track:track-3" type="presenter/delivery" id="42e8e472-61e9-45f9-8331-18c97eb4f3a6"><ns3:mimetype>video/mp4</ns3:mimetype><ns3:tags><ns3:tag>engage</ns3:tag><ns3:tag>quality-high</ns3:tag></ns3:tags><ns3:url>http://mallorn.dlib.indiana.edu:8080/files/mediapackage/bd22e816-9cd1-4586-8357-6217ef8f2bbf/42e8e472-61e9-45f9-8331-18c97eb4f3a6/videoshort.mp4</ns3:url><ns3:checksum type="md5">caec0f1412223810ec4dc202b8f674d1</ns3:checksum><ns3:duration>6339</ns3:duration><ns3:audio id="audio-1"><ns3:device/><ns3:encoder type="AAC"/><ns3:channels>2</ns3:channels><ns3:bitrate>76508.0</ns3:bitrate></ns3:audio><ns3:video id="video-1"><ns3:device/><ns3:encoder type="AVC"/><ns3:bitrate>791469.0</ns3:bitrate><ns3:framerate>24.0</ns3:framerate><ns3:resolution>200x110</ns3:resolution><ns3:scantype type="Progressive"/></ns3:video></ns3:track><ns3:track ref="track:42e8e472-61e9-45f9-8331-18c97eb4f3a6" type="presenter/delivery" id="track-7"><ns3:mimetype>video/mp4</ns3:mimetype><ns3:tags><ns3:tag>engage</ns3:tag><ns3:tag>publish</ns3:tag><ns3:tag>quality-high</ns3:tag><ns3:tag>streaming</ns3:tag></ns3:tags><ns3:url>rtmp://mallorn.dlib.indiana.edu/avalon/mp4:bd22e816-9cd1-4586-8357-6217ef8f2bbf/42e8e472-61e9-45f9-8331-18c97eb4f3a6/videoshort.mp4</ns3:url><ns3:checksum type="md5">caec0f1412223810ec4dc202b8f674d1</ns3:checksum><ns3:duration>6339</ns3:duration><ns3:audio id="audio-1"><ns3:device/><ns3:encoder type="AAC"/><ns3:channels>2</ns3:channels><ns3:bitrate>76508.0</ns3:bitrate></ns3:audio><ns3:video id="video-1"><ns3:device/><ns3:encoder type="AVC"/><ns3:bitrate>791469.0</ns3:bitrate><ns3:framerate>24.0</ns3:framerate><ns3:resolution>200x110</ns3:resolution><ns3:scantype type="Progressive"/></ns3:video></ns3:track><ns3:track ref="track:5ac6953a-1a0e-441c-b21a-4d653948b9c9" type="presenter/delivery" id="track-8"><ns3:mimetype>video/mp4</ns3:mimetype><ns3:tags><ns3:tag>engage</ns3:tag><ns3:tag>publish</ns3:tag><ns3:tag>quality-medium</ns3:tag><ns3:tag>streaming</ns3:tag></ns3:tags><ns3:url>rtmp://mallorn.dlib.indiana.edu/avalon/mp4:bd22e816-9cd1-4586-8357-6217ef8f2bbf/5ac6953a-1a0e-441c-b21a-4d653948b9c9/videoshort.mp4</ns3:url><ns3:checksum type="md5">ee735e0d435e814a60b75b9821a83c98</ns3:checksum><ns3:duration>6339</ns3:duration><ns3:audio id="audio-1"><ns3:device/><ns3:encoder type="AAC"/><ns3:channels>2</ns3:channels><ns3:bitrate>76508.0</ns3:bitrate></ns3:audio><ns3:video id="video-1"><ns3:device/><ns3:encoder type="AVC"/><ns3:bitrate>500000.0</ns3:bitrate><ns3:framerate>24.0</ns3:framerate><ns3:resolution>200x110</ns3:resolution><ns3:scantype type="Progressive"/></ns3:video></ns3:track><ns3:track ref="track:cf45a7a9-94eb-48b9-9d77-56a84749882c" type="presenter/delivery" id="track-9"><ns3:mimetype>video/mp4</ns3:mimetype><ns3:tags><ns3:tag>engage</ns3:tag><ns3:tag>publish</ns3:tag><ns3:tag>quality-low</ns3:tag><ns3:tag>streaming</ns3:tag></ns3:tags><ns3:url>rtmp://mallorn.dlib.indiana.edu/avalon/mp4:bd22e816-9cd1-4586-8357-6217ef8f2bbf/cf45a7a9-94eb-48b9-9d77-56a84749882c/videoshort.mp4</ns3:url><ns3:checksum type="md5">4bebcae0cc965ecfd0dc56a2b1b66f6e</ns3:checksum><ns3:duration>6339</ns3:duration><ns3:audio id="audio-1"><ns3:device/><ns3:encoder type="AAC"/><ns3:channels>2</ns3:channels><ns3:bitrate>76508.0</ns3:bitrate></ns3:audio><ns3:video id="video-1"><ns3:device/><ns3:encoder type="AVC"/><ns3:bitrate>250000.0</ns3:bitrate><ns3:framerate>24.0</ns3:framerate><ns3:resolution>200x110</ns3:resolution><ns3:scantype type="Progressive"/></ns3:video></ns3:track></ns3:media><ns3:metadata><ns3:catalog type="dublincore/episode" id="4c57e417-22f9-4edc-bad6-ca8d804cf6c5"><ns3:mimetype>text/xml</ns3:mimetype><ns3:tags/><ns3:url>http://mallorn.dlib.indiana.edu:8080/files/mediapackage/bd22e816-9cd1-4586-8357-6217ef8f2bbf/4c57e417-22f9-4edc-bad6-ca8d804cf6c5/dublincore.xml</ns3:url></ns3:catalog></ns3:metadata><ns3:attachments><ns3:attachment ref="track:track-3" type="presenter/player+preview" id="attachment-1"><ns3:mimetype>image/jpeg</ns3:mimetype><ns3:tags><ns3:tag>engage</ns3:tag></ns3:tags><ns3:url>http://mallorn.dlib.indiana.edu:8080/files/mediapackage/bd22e816-9cd1-4586-8357-6217ef8f2bbf/attachment-1/videoshort.jpg</ns3:url></ns3:attachment><ns3:attachment ref="track:track-3" type="presenter/search+preview" id="attachment-2"><ns3:mimetype>image/jpeg</ns3:mimetype><ns3:tags><ns3:tag>engage</ns3:tag></ns3:tags><ns3:url>http://mallorn.dlib.indiana.edu:8080/files/mediapackage/bd22e816-9cd1-4586-8357-6217ef8f2bbf/attachment-2/videoshort.jpg</ns3:url></ns3:attachment><ns3:attachment ref="track:track-3" type="presenter/feed+preview" id="attachment-3"><ns3:mimetype>image/jpeg</ns3:mimetype><ns3:tags><ns3:tag>atom</ns3:tag><ns3:tag>rss</ns3:tag></ns3:tags><ns3:url>http://mallorn.dlib.indiana.edu:8080/files/mediapackage/bd22e816-9cd1-4586-8357-6217ef8f2bbf/attachment-3/videoshort.jpg</ns3:url></ns3:attachment></ns3:attachments></ns3:mediapackage><operations><operation retry-strategy="none" execution-host="http://mallorn.dlib.indiana.edu:8080" failed-attempts="0" max-attempts="1" exception-handler-workflow="error" fail-on-error="true" description="Inspecting the media package" state="SUCCEEDED" job="1104" id="inspect"><configurations/><started>1357318556903</started><completed>1357318567224</completed><time-in-queue>0</time-in-queue><execution-history/></operation><operation retry-strategy="none" execution-host="http://mallorn.dlib.indiana.edu:8080" failed-attempts="0" max-attempts="1" exception-handler-workflow="error" fail-on-error="false" description="Splitting Media (if needed)" state="SUCCEEDED" job="1106" id="compose"><configurations><configuration key="target-flavor">presenter/source</configuration><configuration key="encoding-profile">epiphan.presenter</configuration><configuration key="source-flavor">multitrack/source</configuration></configurations><started>1357318572201</started><completed>1357318572370</completed><time-in-queue>0</time-in-queue><execution-history/></operation><operation retry-strategy="none" execution-host="http://mallorn.dlib.indiana.edu:8080" failed-attempts="0" max-attempts="1" exception-handler-workflow="error" fail-on-error="true" description="Preparing presenter audio and video work versions" state="SUCCEEDED" job="1107" id="prepare-av"><configurations><configuration key="target-flavor">presenter/work</configuration><configuration key="rewrite">false</configuration><configuration key="promiscuous-audio-muxing">true</configuration><configuration key="source-flavor">presenter/source</configuration></configurations><started>1357318577267</started><completed>1357318577425</completed><time-in-queue>0</time-in-queue><execution-history/></operation><operation retry-strategy="none" execution-host="http://mallorn.dlib.indiana.edu:8080" failed-attempts="0" max-attempts="1" exception-handler-workflow="error" if="${trimHold}" fail-on-error="true" description="Encoding presenter (camera) video for preview" state="SKIPPED" job="1108" id="compose"><configurations><configuration key="target-flavor">presenter/preview</configuration><configuration key="encoding-profile">flash-preview.http</configuration><configuration key="source-flavor">presenter/work</configuration></configurations><started>1357318582344</started><time-in-queue>0</time-in-queue><execution-history/></operation><operation retry-strategy="none" execution-host="http://mallorn.dlib.indiana.edu:8080" failed-attempts="0" max-attempts="1" exception-handler-workflow="error" if="${trimHold}" fail-on-error="true" description="Waiting for user to review / trim recording" state="SKIPPED" job="1109" id="trim"><configurations><configuration key="encoding-profile">trim.work</configuration><configuration key="target-flavor-subtype">trimmed</configuration><configuration key="source-flavor">*/work</configuration></configurations><started>1357318587411</started><time-in-queue>0</time-in-queue><execution-history/></operation><operation retry-strategy="none" execution-host="http://mallorn.dlib.indiana.edu:8080" failed-attempts="0" max-attempts="1" exception-handler-workflow="error" fail-on-error="true" description="Encoding presenter (camera) to player preview image" state="SUCCEEDED" job="1110" id="image"><configurations><configuration key="target-flavor">presenter/player+preview</configuration><configuration key="source-tags"></configuration><configuration key="time">1</configuration><configuration key="encoding-profile">player-preview.http</configuration><configuration key="target-tags">engage</configuration><configuration key="source-flavor">presenter/trimmed</configuration></configurations><started>1357318592485</started><completed>1357318602656</completed><time-in-queue>0</time-in-queue><execution-history/></operation><operation retry-strategy="none" execution-host="http://mallorn.dlib.indiana.edu:8080" failed-attempts="0" max-attempts="1" exception-handler-workflow="error" fail-on-error="true" description="Encoding presenter (camera) video to mp4-low" state="SUCCEEDED" job="1112" id="compose"><configurations><configuration key="target-flavor">presenter/delivery</configuration><configuration key="encoding-profile">mp4-low.http</configuration><configuration key="target-tags">engage, quality-low</configuration><configuration key="source-flavor">presenter/trimmed</configuration></configurations><started>1357318607643</started><completed>1357318622870</completed><time-in-queue>0</time-in-queue><execution-history/></operation><operation retry-strategy="none" execution-host="http://mallorn.dlib.indiana.edu:8080" failed-attempts="0" max-attempts="1" exception-handler-workflow="error" fail-on-error="true" description="Encoding presenter (camera) video to mp4-medium" state="SUCCEEDED" job="1115" id="compose"><configurations><configuration key="target-flavor">presenter/delivery</configuration><configuration key="encoding-profile">mp4-medium.http</configuration><configuration key="target-tags">engage, quality-medium</configuration><configuration key="source-flavor">presenter/trimmed</configuration></configurations><started>1357318627894</started><completed>1357318643143</completed><time-in-queue>0</time-in-queue><execution-history/></operation><operation retry-strategy="none" execution-host="http://mallorn.dlib.indiana.edu:8080" failed-attempts="0" max-attempts="1" exception-handler-workflow="error" fail-on-error="true" description="Encoding presenter (camera) video to mp4-high" state="SUCCEEDED" job="1118" id="compose"><configurations><configuration key="target-flavor">presenter/delivery</configuration><configuration key="encoding-profile">mp4-high.http</configuration><configuration key="target-tags">engage, quality-high</configuration><configuration key="source-flavor">presenter/trimmed</configuration></configurations><started>1357318648151</started><completed>1357318663362</completed><time-in-queue>0</time-in-queue><execution-history/></operation><operation retry-strategy="none" execution-host="http://mallorn.dlib.indiana.edu:8080" failed-attempts="0" max-attempts="1" exception-handler-workflow="error" fail-on-error="true" description="Encoding presenter (camera) to search result preview image" state="SUCCEEDED" job="1121" id="image"><configurations><configuration key="target-flavor">presenter/search+preview</configuration><configuration key="source-tags"></configuration><configuration key="time">1</configuration><configuration key="encoding-profile">search-cover.http</configuration><configuration key="target-tags">engage</configuration><configuration key="source-flavor">presenter/trimmed</configuration></configurations><started>1357318668399</started><completed>1357318678549</completed><time-in-queue>0</time-in-queue><execution-history/></operation><operation retry-strategy="none" execution-host="http://mallorn.dlib.indiana.edu:8080" failed-attempts="0" max-attempts="1" exception-handler-workflow="error" fail-on-error="true" description="Encoding presenter (camera) to feed preview image" state="SUCCEEDED" job="1123" id="image"><configurations><configuration key="target-flavor">presenter/feed+preview</configuration><configuration key="source-tags"></configuration><configuration key="time">1</configuration><configuration key="encoding-profile">feed-cover.http</configuration><configuration key="target-tags">rss, atom</configuration><configuration key="source-flavor">presenter/trimmed</configuration></configurations><started>1357318683555</started><completed>1357318688741</completed><time-in-queue>0</time-in-queue><execution-history/></operation><operation retry-strategy="none" execution-host="http://mallorn.dlib.indiana.edu:8080" failed-attempts="0" max-attempts="1" exception-handler-workflow="error" fail-on-error="true" description="Applying access control rules" state="SUCCEEDED" job="1125" id="apply-acl"><configurations/><started>1357318693697</started><completed>1357318693823</completed><time-in-queue>0</time-in-queue><execution-history/></operation><operation retry-strategy="none" execution-host="http://mallorn.dlib.indiana.edu:8080" failed-attempts="0" max-attempts="2" exception-handler-workflow="error" if="rtmp://mallorn.dlib.indiana.edu/avalon" fail-on-error="true" description="Distributing to streaming server" state="SUCCEEDED" job="1126" id="distribute-streaming"><configurations><configuration key="source-tags">engage,-publish</configuration><configuration key="target-tags">publish,streaming</configuration></configurations><started>1357318698760</started><completed>1357318709114</completed><time-in-queue>0</time-in-queue><execution-history/></operation><operation retry-strategy="none" execution-host="http://mallorn.dlib.indiana.edu:8080" failed-attempts="0" max-attempts="1" exception-handler-workflow="error" fail-on-error="true" description="Published" state="SUCCEEDED" job="1132" id="publish"><configurations><configuration key="source-tags">publish</configuration></configurations><started>1357318714250</started><completed>1357318714531</completed><time-in-queue>0</time-in-queue><execution-history/></operation><operation retry-strategy="none" execution-host="http://mallorn.dlib.indiana.edu:8080" failed-attempts="0" max-attempts="1" fail-on-error="false" description="Cleaning up" state="SUCCEEDED" job="1134" id="cleanup"><configurations/><started>1357318719319</started><completed>1357318719446</completed><time-in-queue>0</time-in-queue><execution-history/></operation></operations><configurations><configuration key="distribution">Matterhorn Media Module</configuration><configuration key="workflowDefinitionId">avalon</configuration></configurations><errors/></workflow>
