<?xml version="1.0" encoding="UTF-8"?>
<!-- Music for Piano; http://server1.variations2.indiana.edu/variations/cgi-bin/access.pl?id=BFJ6801 -->
<Item label="CD 1">
    <Div label="Copland, Three Piano Excerpts from Our Town">
        <Span label="Track 1. Story of Our Town" begin="0" end="0:09.99"/>
        <Span label="Track 2. Conversation at the Soda Fountain" begin="0:10" end="0:19.99"/>
        <Span label="Track 3. The Resting Place on the Hill" begin="0:20" end="0:29.99"/>
    </Div>
    <Div label="Copland, Four Episodes from Rodeo">
        <Span label="Track 4. Buckaroo Holiday" begin="0:30" end="0:39.99"/>
        <Span label="Track 5. Corral Nocturne" begin="0:40" end="0:49.99"/>
        <Span label="Track 6. Saturday Night Waltz" begin="0:50" end="0:59.99"/>
        <Span label="Track 7. Hoe-Down" begin="1:00" end="1:09.99"/>
    </Div>
    <Span label="Track 8. Copland, Piano Variations " begin="1:10" end="1:19.99"/>
    <Div label="Copland, Four Piano Blues">
        <Span label="Track 9. For Leo Smit: Freely poetic" begin="1:20" end="1:29.99"/>
        <Span label="Track 10. For Andor Foldes: Soft and languid" begin="1:30" end="1:39.99"/>
        <Span label="Track 11. For Willian Kapell: Muted and sensuous" begin="1:40" end="1:49.99"/>
        <Span label="Track 12. For John Kirkpatrick: WIth bounce" begin="1:50" end="1:59.99"/>
    </Div>
    <Span label="Track 13. Copland, Danzon Cubano" begin="2:00" end="2:30"/>
</Item>
